Metric,Value
MSE,370387.3126572374
R-squared,0.4436972246449794
